seed,generated_text,occurrence,coherence
0,"Question:Create еще к нам и своей версии этой программы. В этой версии, как и в вашей версии, необходимо использовать _ _ _ _ _ _ _ _ _ _ _ _ _ _ _ _ _ _ _ _ _ _ _ _ _ _ _ _ _ _ _ _ _ _ _ _ _ _ _ _ _ _ _ _ _ _ _ _ _ _ _ _ _ _ _ _ _ _ _ _ _ _ _ _ _ _ _ _ _ _ _ _ _ _ _ _ _ _ _ _ _ _ _ _ _ _ _ _ _ _ _ _ _ _ _ _ _ _ _ _ _ _ _ _ _ _ _ _ _ _ _ _ _ _ _ _ _ _ _ _ _ _ _ _ _ _ _ _ _ _ _ _ _ _ _ _ _ _ _ _ _ _ _ _ _ _ _ _ _ _ _ _ _ _ _ _ _ _ _ _ _ _ _ _ _ _ _ _ _ _ _ _ _ _ _ _ _ _ _ _ _ _ _ _ _ _ _ _ _ _ _ _ _ _ _ _ _ _ _ _ _ _ _ _ _ _ _ _ _ _ _ _ _ _ _ _ _ _ _ _ _ _ _ _ _ _ _",1,2
1,# -*-_Py_不_обой_дой_щих_щих_щих_щих_щих_щих_щих_щих_щих_щих_щих_щих_щих_щих_щих_щих_щих_щих_щих_щих_щих_щих_щих_щих_щих_щих_щих_щих_щих_щих_щих_щих_щих_щих_щих_щих_щих_щих_щих_щих_щих_щих_щих_щих_щих_щих_щих_щих_щих_щих_щих_щих_щих_щих_щих_щих_щих_щих_щих_щих_щих_щих_щих_щих_щих_щих_щих_щих_щих_щих_щих_щих_щих_щих_щих_щих_щих_щих_щих_щих_щих_щих_щих_щих_щих_щих_щих_щих_щих_щих_щих_щих_щих_щих_щих_щих_щих_щих_щих_щих_щих_щих_щих_щих_щих_щих_щих_щих_щих_щих_щих_щих_щих_щих_щих_щих_щих_щих_щих_щих_щих_щих,1,0
2,"Question:
Let l = -3.4 - -3. Let g = 0.00000001 - l. В какой единой измерительной единица измерения этого числа?
Answer:
0.00000001<|end_of_text|>",1,2
3,"Question:
Let g = 0.02 - 0.02. Let k = 0.04 + 0.54. Let l = k + -0.56. Which is the closest to g?  (a) l  (b) 0.3  (c) 0.4
Answer:
c<|end_of_text|>",0,2
4,"Question:
Let v = 11.4 - 10.4. Let v_1 = -0.02 + 0.02. Which is the nearest to v?  (a) 3/4  (b) 0.2  (c) 0.1
Answer:
c<|end_of_text|>",0,2
5,Question:Develop a Python программ с ооооооооооооооооооооооооооооооооооооооооооооооооооооооооооооооооооооооооооооооооооооооооооооооооооооооооооооооооооооооооооооооооооооооооооооооооооооооооооооооооооооооооооооооооооооооооооооооооооооооооооооооооооооооооооооооооооооооооооооооооооооооооо,1,0
6,def count_athlete_athlete_athlete_athlete_athlete_athlete_athlete_athlete_athlete_athlete_athlete_athlete_athlete_athlete_athlete_athlete_athlete_athlete_athlete_athlete_athlete_athlete_athlete_athlete_athlete_athlete_athlete_athlete_athlete_athlete_athlete_athlete_athlete_athlete_athlete_athlete_athlete_athlete_athlete_athlete_athlete_athlete_athlete_athlete_athlete_athlete_athlete_athlete_athlete_athlete_athlete_athlete_athlete_athlete_athlete_athlete_athlete_athlete_athlete_athlete_athlete_athlete_athlete_athlete_athlete_athlete_athlete_athlete_athlete_athlete_athlete_athlete_athlete_athlete_athlete_athlete_athlete_athlete_athlete_athlete_athlete_athlete_athlete_athlete_athlete_athlete_athlete_athlete_athlete_athlete_athlete_athlete_athlete_athlete_athlete_athlete_athlete_athlete_athlete_athlete_athlete_athlete_athlete_athlete_athlete_athlete_athlete_athlete_athlete_athlete_athlete_athlete_athlete_athlete_athlete_athlete_athlete_athlete_athlete_athlete_athlete_athlete_athlete_athlete_athlete_athlete_athlete,0,1
7,# 2. На Данных_1_2_3_4_5_6_7_8_9_10_11_12_13_14_15_16_17_18_19_20_21_22_23_24_25_26_27_28_29_30_31_32_33_34_35_36_37_38_39_40_41_42_43_44_45_46_47_48_49_50_51_52_53_54_55_56_57_58_59_60_61_62_63_64_65_66_67_68_69_70_71_72_73_74_75_76_77_78_79_80_81_82_83_84_85_86_87_88_89_90_91_92_93_94_95_96_97_98_99_100_101_102_103_104_105_106_107_108_109_110_111_112_113_114_115_116_117_118_119_120_121_122_123_124_,1,2
8,Question:Createооооооооооооооооооооооооооооооооооооооооооооооооооооооооооооооооооооооооооооооооооооооооооооооооооооооооооооооооооооооооооооооооооооооооооооооооооооооооооооооооооооооооооооооооооооооооооооооооооооооооооооооооооооооооооооооооооооооооооооооооооооооооооооо,1,0
9,"Question:
Let r = -0.1 + 0.1. Let p = 0.1 + r. Let l = 0.6 - 0.8. Which is the nearest to l?  (а) 0.4  (б) 2/9  (в) p
Answer:
б<|end_of_text|>",1,2
10,Question:Createооооооооооооооооооооооооооооооооооооооооооооооооооооооооооооооооооооооооооооооооооооооооооооооооооооооооооооооооооооооооооооооооооооооооооооооооооооооооооооооооооооооооооооооооооооооооооооооооооооооооооооооооооооооооооооооооооооооооооооооооооооооооооооо,0,0
11,"Question: A 37-year-old woman, who underwent surgery for thyroid lobeadenой, has been experiencing severe left-side upper и. S. 1. 1. 1. 1. 1. 1. 1. 1. 1. 1. 1. 1. 1. 1. 1. 1. 1. 1. 1. 1. 1. 1. 1. 1. 1. 1. 1. 1. 1. 1. 1. 1. 1. 1. 1. 1. 1. 1. 1. 1. 1. 1. 1. 1. 1. 1. 1. 1. 1. 1. 1. 1. 1. 1. 1. 1. 1. 1. 1. 1. 1. 1. 1. 1. 1. 1. 1. 1. 1. 1. 1. 1. 1. 1. 1. ",1,1
12,"Question:
Let v = 0.5 + -0.4. Let l = 0.7 - 1.7. Let o = l - -0.9. Which is the closest to 1?  (a) v  (b) 4  (c) o
Answer:
a<|end_of_text|>",0,2
13,"Question:
Let c = -0.05 + 0.05. Let l = 0.07 + 0.08. Let v = l - 0.09. Which is the closest to c?  (a) 2/9  (b) 1/4  (c) v
Answer:
a<|end_of_text|>",0,2
14,Question:Create соо_ыхых_ых_ых_ых_ых_ых_ых_ых_ых_ых_ых_ых_ых_ых_ых_ых_ых_ых_ых_ых_ых_ых_ых_ых_ых_ых_ых_ых_ых_ых_ых_ых_ых_ых_ых_ых_ых_ых_ых_ых_ых_ых_ых_ых_ых_ых_ых_ых_ых_ых_ых_ых_ых_ых_ых_ых_ых_ых_ых_ых_ых_ых_ых_ых_ых_ых_ых_ых_ых_ых_ых_ых_ых_ых_ых_ых_ых_ых_ых_ых_ых_ых_ых_ых_ых_ых_ых_ых_ых_ых_ых_ых_ых_ых_ых_ых_ых_ых_ых_ых_ых_ых_ых_ых_ых_ых_ых_ых_ых_ых_ых_ых_ых_ых_ых_ых_ых_ых_ых_ых_ых_ых_ых_ых_,1,0
15,"Question:
Let i = 0.01 - 0.31. Let c = -0.06 - i. Let r = 0.05 + c. Which is the nearest to 0?  (a) 1/4  (b) 4  (c) r
Answer:
a<|end_of_text|>",0,2
16,"Question:
Let j = 0.03 + 0.22. Let b = 0.24 + j. Let l = 0.07 - 0.05. Which is the closest to 0.1?  (a) l  (b) 0.4  (c) 4
Answer:
a<|end_of_text|>",0,2
17,"Question:
Let v = 0.03 - 0.04. Let c = 0.02 + 0.09. Let l = c - 0.11. Which is the closest to v?  (a) l  (b) 1/2  (c) 0
Answer:
a<|end_of_text|>",0,2
18,"Question:
Let g = 3.8 - 3.8. Let o = -2.8 + 2. Let l = 2.9 + o. Which is the closest to g?  (a) l  (b) 3  (c) 0.4
Answer:
c<|end_of_text|>",0,2
19,Question:Build C++ module 'Distributed' by using c++__C++_Х_1_1_3_0_0_0_0_0_0_0_0_0_0_0_0_0_0_0_0_0_0_0_0_0_0_0_0_0_0_0_0_0_0_0_0_0_0_0_0_0_0_0_0_0_0_0_0_0_0_0_0_0_0_0_0_0_0_0_0_0_0_0_0_0_0_0_0_0_0_0_0_0_0_0_0_0_0_0_0_0_0_0_0_0_0_0_0_0_0_0_0_0_0_0_0_0_0_0_0_0_0_0_0_0_0_0_0_0_0_0_0_0_0_0_0_0_0_0,0,0
20,Question:Build a C++оооооооооооооооооооооооооооооооооооооооооооооооооооооооооооооооооооооооооооооооооооооооооооооооооооооооооооооооооооооооооооооооооооооооооооооооооооооооооооооооооооооооооооооооооооооооооооооооооооооооооооооооооооооооооооооооооооооооооооооооооооооооооо,0,0
21,"Question:
Let g = 0.06 + -0.06. Let j = 1.38 + 0.62. Let v = j + -1.9. Which is the closest to g?  (a) v  (b) 4/3  (c) 0.3
Answer:
c<|end_of_text|>",0,2
22,"Question: Which of the following is the most stable state for a protein?
A. Metabolic
B. Metabolic
C. Metabolic
D. Metabolic
Answer: D<|end_of_text|>",0,2
23,"Question: Which of the following is not used for the treatment of leпая?
A. Dоменных нающих
B. Доменных вестиных
C. Клепащих
D. Клеточных
Е. Нающих
\0\<|end_of_text|>",1,1
24,Question: The following is true of V. V. _ _ _ _ _ _ _ _ _ _ _ _ _ _ _ _ _ _ _ _ _ _ _ _ _ _ _ _ _ _ _ _ _ _ _ _ _ _ _ _ _ _ _ _ _ _ _ _ _ _ _ _ _ _ _ _ _ _ _ _ _ _ _ _ _ _ _ _ _ _ _ _ _ _ _ _ _ _ _ _ _ _ _ _ _ _ _ _ _ _ _ _ _ _ _ _ _ _ _ _ _ _ _ _ _ _ _ _ _ _ _ _ _ _ _ _ _ _ _ _ _ _ _ _ _ _ _ _ _ _ _ _ _ _ _ _ _ _ _ _ _ _ _ _ _ _ _ _ _ _ _ _ _ _ _ _ _ _ _ _ _ _ _ _ _ _ _ _ _ _ _ _ _ _ _ _ _ _ _ _ _ _ _ _ _ _ _ _ _ _ _ _ _ _ _ _ _ _ _ _ _ _ _ _ _ _ _ _ _ _ _ _ _ _ _ _ _ _ _ _ _ _ _ _ _ _ _ _ _ _ _ _ _ _ _ _ _ _ _ _ _ _ _ _ _,0,0
25,# C# 4.3.1.1. 3.1.1. 3.1.1. 3.1.1. 3.1.1. 3.1.1. 3.1.1. 3.1.1. 3.1.1. 3.1.1. 3.1.1. 3.1.1. 3.1.1. 3.1.1. 3.1.1. 3.1.1. 3.1.1. 3.1.1. 3.1.1. 3.1.1. 3.1.1. 3.1.1. 3.1.1. 3.1.1. 3.1.1. 3.1.1. 3.1.1. 3.1.1. 3.1.1. 3.1.1. 3.1.1. 3.1.1. 3.1.1. 3.1.1. 3.1.1. 3.1.1,0,0
26,"Question:
Let v = -4.25 + 4. Let l = 0.25 + v. Let c = l - -0.001. What is c rounded to 2 decimalных соенных?
Answer:
0.01<|end_of_text|>",1,2
27,"Question:Developоо воа со всего мира
For all those who wish to learn more about the R-100, here is a link to the R-100 website: http://www.r-100.com/<|end_of_text|>",1,1
28,"Question:
Let v = 0.05 - 0.05. Let c = 0.01 - 0.01. Let r = c - 0.02. Which is the nearest to 0?  (a) v  (b) 0.4  (c) r
Answer:
a<|end_of_text|>",0,2
29,# -*-_Ф___С_--_Ф_--_Ф_--_Ф_--_Ф_--_Ф_--_Ф_--_Ф_--_Ф_--_Ф_--_Ф_--_Ф_--_Ф_--_Ф_--_Ф_--_Ф_--_Ф_--_Ф_--_Ф_--_Ф_--_Ф_--_Ф_--_Ф_--_Ф_--_Ф_--_Ф_--_Ф_--_Ф_--_Ф_--_Ф_--_Ф_--_Ф_--_Ф_--_Ф_--_Ф_--_Ф_--_Ф_--_Ф_--_Ф_--_Ф_--_Ф_--_Ф_--_Ф_--_Ф_--_Ф_--_Ф_--_Ф_--_Ф_--_Ф_--_Ф_--_Ф_--_Ф_--_Ф_--_Ф_--_Ф_--_Ф_--_Ф_--_Ф_--_Ф_--_Ф_--_Ф_--_Ф_--_Ф,1,0
30,"Question:
Let v = 0.02 - 0.08. Let c = 0.08 - v. Let b = 0.2 - c. What is b rounded to 1 decimalая?
Answer:
0.2<|end_of_text|>",0,2
31,"Question:
Let g = -1.07 + 1. Let c = 0.07 + g. Let l = c + -0.04. Which is the nearest to -1/4?  (а) 2/3  (б) 0.1  (в) l
Answer:
б<|end_of_text|>",1,2
32,"Question:
Let i = 0.9 - 0.8. Let x = 0.8 + 0.1. Let v = x - 0.8. Which is the third smallest value?  (a) i  (b) v  (c) 4
Answer:
c<|end_of_text|>",0,2
33,"def analyze_rock_formation(rock_formation):
    """"""
    Given a rock formation, analyze the вида этих формации и выложенных на нее материала.
    """"""

    # Your code here

    return result
<|end_of_text|>",1,2
34,Question:Create объ своих друзей на Facebook. В каждой левой столевой колонке вводится искомая информация.<|end_of_text|>,1,1
35,"Question:
Let j = 0.2 + -0.2. Let w = 0.3 - 0.3. Suppose 0 = -5*r + 5, 0 = 5*j + 4*r - 2 - 4. Which is the nearest to w?  (a) 0.1  (b) 4  (c) r
Answer:
a<|end_of_text|>",0,2
36,"Question:
Let o = 0.6 + -1.6. Let c = 0.6 + o. Let s = 1.0000004 + c. Round s to 7 decimalовых мест.
Answer:
0.0000004<|end_of_text|>",1,2
37,"# -*-_ К с.___ -*-\""

# =======================================================================

# 1. Файл: test_1_1_1_1_1_1_1_1_1_1_1_1_1_1_1_1_1_1_1_1_1_1_1_1_1_1_1_1_1_1_1_1_1_1_1_1_1_1_1_1_1_1_1_1_1_1_1_1_1_1_1_1_1_1_1_1_1_1_1_1_1_1_1_1_1_1_1_1_1_1_1_1_1_1_1_1_1_1_1_1_1_1_1_1_1_1_1_1_1_1_1_1_1_1_1_1_1_1_1_1_1_1_1_1_1_1_1_1_1_1_1_1_1_1_1_",1,0
38,"Question:
What is 4.8 + -3.5?
Answer:
1.3<|end_of_text|>",0,2
39,"Question:
Let c = -0.12 + 0.12. Let x = -0.1 + c. Let v = 0.1 + x. What is v rounded to 1 decimalая?
Answer:
0.2<|end_of_text|>",1,2
40,"# 2004-09-07 20:23
# 1. Задайте Данных о студческих событиях. Вести с этого материала
# 2. Основать служебную и ладящих сущности
# 3. Данных в формировать по усложенной схеме
# 4. Ввести еще свои сущности
# 5. Описание данных в индикации
# 6. Описание данных в текстовых файлах
# 7. Обо всех этих сущности и их роли
# 8. Общий объем файла
# 9. Описание всех данных в одной единой документации
# 10. Общий объем файла
# 11. Вместо ""пока"" сделать ""без конца"" или ""до конца""
# 12. Описание своих данных в других файлах
# 13. Фи Описание своих данных в других файлах
# 14. Вместо ""пока"" сделать ""без конца"" или ""до конца""
# 15. Общий объем файла
# 16. Общий объем файла
# 17. Общий объем файла
#",1,2
41,"Question:
Let v = -11.5 + 11. Let c = 1.2 + v. Let l = c + -0.2. What is l rounded to 1 decimal place?
Answer:
-0.1<|end_of_text|>",0,2
42,"Question:
Let l = 0.01 - 0.1. Let v = -0.1 + l. Let c = 0.3 - v. What is c rounded to 1 decimalая?
Answer:
0.3<|end_of_text|>",0,2
43,"Question:
Let k = -0.4 + 0.4. Let w = 0.4 - 0.4. Let v = 0.4 + 0.9. Which is the nearest to w?  (а) v  (б) k  (в) 3/4
Answer:
а<|end_of_text|>",1,2
44,"Question:
Let o = 2.1 + -2. Let p = 0.9 - 1.5. Let v = p - -0.5. Which is the closest to o?  (a) v  (b) 0.1  (c) 0.4
Answer:
b<|end_of_text|>",0,2
45,"Question:
Let x = 0.02 + 0.02. Let l = 0.02 + x. Let v = 0.1 - l. What is v rounded to 2 decimalных сочетание?
Answer:
0.01<|end_of_text|>",1,1
46,Question:Build a C++оооооооооооооооооооооооооооооооооооооооооооооооооооооооооооооооооооооооооооооооооооооооооооооооооооооооооооооооооооооооооооооооооооооооооооооооооооооооооооооооооооооооооооооооооооооооооооооооооооооооооооооооооооооооооооооооооооооооооооооооооооооооооо,0,0
47,"# Ахматовой, Оксана

Оксая Ахматовой

* Ахматова, Оксая Китайских (Ахатьина) (1910-?)/ 1. Дочь К. И. Сахаровой и ее муж. 2. Дочь Е. И. Дыхо-Охоцких и ее муж. 3. Дочь И. Г. Креющих и ее муж. 4. Дочь М. А. Гопо-Охо-Овшиха и ее муж. 5. Дочь А. И. Кошевой и ее муж. 6. Дочь Е. И. Сафаро-Охо-Овшиха и ее муж. 7. Дочь И. Г. Кожных и ее муж. 8. Дочь И. А. Крымских и ее муж. 9. Дочь И. А. Охойных и ее муж. 10. Дочь И. М. Ха-Охойных и ее муж. 11. Дочь М. А. Копп-Охойных и ее муж. 12",1,2
48,Question:Build a Python module власти и власти_2_2_2_2_2_2_2_2_2_2_2_2_2_2_2_2_2_2_2_2_2_2_2_2_2_2_2_2_2_2_2_2_2_2_2_2_2_2_2_2_2_2_2_2_2_2_2_2_2_2_2_2_2_2_2_2_2_2_2_2_2_2_2_2_2_2_2_2_2_2_2_2_2_2_2_2_2_2_2_2_2_2_2_2_2_2_2_2_2_2_2_2_2_2_2_2_2_2_2_2_2_2_2_2_2_2_2_2_2_2_2_2_2_2_2_2_2_2_2_2_2_2_2_,1,1
49,"Question:Create еще одной сущности, которой будет хаооооооооооооооооооооооооооооооооооооооооооооооооооооооооооооооооооооооооооооооооооооооооооооооооооооооооооооооооооооооооооооооооооооооооооооооооооооооооооооооооооооооооооооооооооооооооооооооооооооооооооооооооооооооооооооооооооооооооооооооооооо",1,0
50,"Question:
Let g = 4.5 + -0.5. Let r = g + -2.6. Let b = 2.9 - r. What is b rounded to 1 decimal place?
Answer:
0.2<|end_of_text|>",0,2
51,"Question:
Let w = 0.01 + 0.1. Let j = -0.01 - w. Let c = j - -0.00000138. What is c rounded to 7 decimalных порядческих числа?
Answer:
0.0000014<|end_of_text|>",1,2
52,"def create_vocabulary():
    """"""Create a list of words, where each word is accessed by its index.
    Each word is accessed by its index, which is stored in a tuple.
    The index is stored in a tuple, which is stored in a list.
    """"""
    # Create a list of words
    words = []
    # Create a tuple, where each element is a word
    words_1 = []
    # Create a tuple, where each element is a word
    words_2 = []
    # Create a tuple, where each element is a word
    words_3 = []
    # Create a tuple, where each element is a word
    words_4 = []
    # Create a tuple, where each element is a word
    words_5 = []
    # Create a tuple, where each element is a word
    words_6 = []
    # Create a tuple, where each element is a word
    words_7 = []
    # Create a tuple, where each element is a word
    words_8 = []
    # Create a tuple, where each element is a word
    words_9 = []
    # Create a tuple, where each element is a word
    words_10",0,2
53,"Question:
Let v = 3.3 - 3. Let l = 0.06 + 0.54. Let j = l + -0.74. Which is the nearest to v?  (a) 1/3  (b) 0.2  (c) j
Answer:
a<|end_of_text|>",0,2
54,Question:Create объ своих своих своих своих своих своих своих своих своих своих своих своих своих своих своих своих своих своих своих своих своих своих своих своих своих своих своих своих своих своих своих своих своих своих своих своих своих своих своих своих своих своих своих своих своих своих своих своих своих своих своих своих своих своих своих своих своих своих своих своих своих своих своих своих своих своих своих своих своих своих своих своих своих своих своих своих своих своих своих своих своих своих своих своих своих своих своих своих своих своих своих своих своих своих своих своих своих своих своих своих своих своих своих своих своих своих своих своих своих своих своих своих своих своих своих своих своих своих своих своих своих своих своих своих своих своих своих своих своих своих своих своих своих своих своих своих своих своих своих своих своих своих своих своих своих своих своих своих своих своих своих своих своих своих своих своих своих своих своих своих своих своих своих своих своих своих своих своих своих своих своих своих своих своих своих своих своих своих своих своих своих своих своих своих своих своих своих своих своих своих своих своих своих своих своих своих своих своих своих своих своих своих своих своих своих своих своих своих своих своих своих своих своих своих своих своих своих своих своих своих своих своих своих своих своих своих своих своих своих своих своих своих своих своих своих своих своих своих своих своих своих своих своих своих своих своих своих своих своих своих своих своих,1,1
55,"def count_vacant_rooms(rooms):
    """"""
    Given a list of rooms, count the number of rooms that have no furniture.

    :param rooms: List of rooms, where each room is represented by a tuple вида(номер_обойства, количество_обойства)

    :return: int, count of rooms without furniture

    """"""

    count = 0

    for room, _ in rooms:
        if _ == 0:
            count += 1

    return count

<|end_of_text|>",1,2
56,"Question:
What is 0.00000000000001 v.v.?
Answer:
0.00000000000001<|end_of_text|>",0,2
57,"Question:
Let w = -0.1 + 0.3. Let b = 0.4 + -0.4. Let j = b - w. What is j rounded to 1 decimal place?
Answer:
0.1<|end_of_text|>",0,2
58,"def create_vacancy_occupancy_2(rooms, rent):
    """"""Create a tuple of the number of bedrooms, rent, and rent/area. """"""
    rooms = 4
    rent = 1000
    rent_2 = rent * 1.2
    rent_3 = rent_2 * 1.2
    rent_4 = rent_3 * 1.2
    rent_5 = rent_4 * 1.2
    rent_6 = rent_5 * 1.2
    rent_7 = rent_6 * 1.2
    rent_8 = rent_7 * 1.2
    rent_9 = rent_8 * 1.2
    rent_10 = rent_9 * 1.2
    rent_11 = rent_10 * 1.2
    rent_12 = rent_11 * 1.2
    rent_13 = rent_12 * 1.2
    rent_14 = rent_13 * 1.2
    rent_15 = rent_14 * 1.2
    rent_16 = rent_15 * 1.2
   ",0,2
59,"Question:
Let v = 3.8 - 3.8. Let w = 0.4 - 0.3. Let j = 0.2 - 0.3. Which is the nearest to v?  (а) j  (б) w  (c) 0
Answer:
c<|end_of_text|>",1,2
60,"Question:
Let j = -7.9 + 8. Let c = 2.4 - 0.4. Let v = c - -2.9. Which is the closest to j?  (a) 1/4  (b) v  (c) 4
Answer:
a<|end_of_text|>",0,2
61,"Question:
Let l = 7.9 + -9.9. Let p = l + 0.3. Let v = -0.2 + 0.2. Which is the closest to v?  (а) -3  (б) 0.1  (в) p
Answer:
б<|end_of_text|>",1,2
62,"Question:
Let c = 0.4 - 0.4. Let v = -0.7 + c. Let j = 0.7 + v. Round j to 1 decimalая.
Answer:
0.1<|end_of_text|>",1,2
63,"Question:
Let o = -0.027 + 0.027000001. Round o to 7 decimalных значения.
Answer:
0.0000001<|end_of_text|>",1,2
64,"Question:
Let i = -0.2 + 0.2. Let l = -1.1 + 1.1. Let l = 0.1 + 0.1. Which is the nearest to l?  (а) i  (б) 1/3  (в) 0.1
Answer:
v<|end_of_text|>",1,2
65,"Question:
Let c = -0.06 - 0.44. Let v = c + 0.06. Let j = -0.06 - 0.38. Which is the nearest to 1?  (a) j  (b) 3/4  (c) v
Answer:
b<|end_of_text|>",0,2
66,"Question:Create еще рассаженных на одной ладоши и на своих руках своих 5 самыхенных игры.
A. Дойти до своего дома
B. Смотреть как партобойник попа
C. Подойти до партобойника
D. Дойти до своей партой
Answer: B<|end_of_text|>",1,1
67,Question:Createооооооооооооооооооооооооооооооооооооооооооооооооооооооооооооооооооооооооооооооооооооооооооооооооооооооооооооооооооооооооооооооооооооооооооооооооооооооооооооооооооооооооооооооооооооооооооооооооооооооооооооооооооооооооооооооооооооооооооооооооооооооооооооо,0,0
68,"Question:
What is 3.9 + 0.1?
Answer:
4.0<|end_of_text|>",0,2
69,"Question:
Let i = 22.1 + -23. Let k = 0.1 + i. Let v = 2.1 + k. What is v rounded to 1 decimalныхо?
Answer:
2.1<|end_of_text|>",1,2
70,"Question: The main factor influencing the rate of uptake of glucose by tissues is:
A. Concentration of glucose
B. Glucose-6-PO4
C. Glucose-1-PO4
D. Glucose-1-6-PO4
Е. Glucose-1-6-PO4
\ На самом существенной информации о данной темой: http://www.базовый.рф/тест/27_02_2004_01_07_00_00_00_00_00_00_00_00_00_00_00_00_00_00_00_00_00_00_00_00_00_00_00_00_00_00_00_00_00_00_00_00_00_00_00_00_00_00_00_00_00_00_00_00_00_00_00_00_00_00_00_00_00_00_00_00_00_00_00_00_00_00_00_00_00_00_00_00_00_00_00_00_00_00_00_",1,2
71,"Question:
Let l = 0.3 + 0.2. Let r = 0.3 - l. Let g = 0.4 - 0.4. Which is the nearest to 0.1?  (а) g  (б) 3/4  (в) р
Answer:
а<|end_of_text|>",1,2
72,"Question:
Let v = 0.4 + 0.8. Let x = 0.8 + v. Let c = 0.8 - x. What is c rounded to 1 decimalая?
Answer:
0.8<|end_of_text|>",1,1
73,"def create_athlete_list():
    """"""Create list of athletes with skills.""""""
    # Create list of skills
    skills = ['Running, Hopping, Diving, Swimming, Hopping, Diving, Sailing, Hopping, Diving, Sailing, Hopping, Diving, Sailing, Hopping, Diving, Sailing, Hopping, Diving, Sailing, Hopping, Diving, Sailing, Hopping, Diving, Sailing, Hopping, Diving, Sailing, Hopping, Diving, Sailing, Hopping, Diving, Sailing, Hopping, Diving, Sailing, Hopping, Doping, Sailing, Hopping, Doping, Sailing, Hopping, Doping, Sailing, Hopping, Doping, Sailing, Hopping, Doping, Sailing, Hopping, Doping, Sailing, Hopping, Doping, Sailing, Hopping, Doping, Sailing, Hopping, Doping, Sailing, Hopping, Doping, Sailing, Hopping, Doping, Sailing, Hopping, Doping, Sailing, Hopping, Doping, Sailing, Hopping, D",0,2
74,"def create_athlete_set(athlete_list):
    """"""
    Given a list of athletes, create a set of athletes, where each athlete is represented by their
    country, sport, and Olympic medal.
    """"""
    athlete_set = {}
    for athlete in athlete_list:
        country = athlete['Country']
        sport = athlete['Sport']
        if country not в том_л. страны, и страны, которых нет в других списках:
            if country not в том_л. страны, и страны, которых нет в других списках:
                if country not в том_л. страны, и страны, которых нет в других списках:
                    if country not в том_л. страны, и страны, которых нет в других списках:
                        if country not в том_л. страны, и страны, которых нет в других списках:
                            if country not в том_л. страны, и страны, которых нет в других списках:
                                if country not в том_л. страны, и страны, которых нет в других списках:
                                    if country not в том_л. страны, и страны, которых нет в других списках:
                                        if country not в том_л. страны, и страны, которых нет в других списка",1,1
75,Question:Create еще материала для этой темой.<|end_of_text|>,1,2
76,"Question:
Let r = 10.5 + -11. Let g = -0.2 + 0.2. Let v = g + r. What is v rounded to 1 decimalыхо?
Answer:
0.2<|end_of_text|>",1,1
77,def create_v_3_2_1_1_1_1_1_1_1_1_1_1_1_1_1_1_1_1_1_1_1_1_1_1_1_1_1_1_1_1_1_1_1_1_1_1_1_1_1_1_1_1_1_1_1_1_1_1_1_1_1_1_1_1_1_1_1_1_1_1_1_1_1_1_1_1_1_1_1_1_1_1_1_1_1_1_1_1_1_1_1_1_1_1_1_1_1_1_1_1_1_1_1_1_1_1_1_1_1_1_1_1_1_1_1_1_1_1_1_1_1_1_1_1_1_1_1_1_1_1_1_1_1_1_1_1_,0,0
78,"Question: Which of the following is NOT true regarding development of central nervous system?
A. VZV is transmitted by v. _ и
B. L. _ _ _ _ _ _ _ _ _ _ _ _ _ _ _ _ _ _ _ _ _ _ _ _ _ _ _ _ _ _ _ _ _ _ _ _ _ _ _ _ _ _ _ _ _ _ _ _ _ _ _ _ _ _ _ _ _ _ _ _ _ _ _ _ _ _ _ _ _ _ _ _ _ _ _ _ _ _ _ _ _ _ _ _ _ _ _ _ _ _ _ _ _ _ _ _ _ _ _ _ _ _ _ _ _ _ _ _ _ _ _ _ _ _ _ _ _ _ _ _ _ _ _ _ _ _ _ _ _ _ _ _ _ _ _ _ _ _ _ _ _ _ _ _ _ _ _ _ _ _ _ _ _ _ _ _ _ _ _ _ _ _ _ _ _ _ _ _ _ _ _ _ _ _ _ _ _ _ _ _ _ _ _ _ _ _ _ _ _ _ _ _ _ _ _ _ _ _ _ _ _ _ _ _ _ _ _ _ _ _ _ _ _ _ _ _ _ _ _ _ _ _ _",1,0
79,"Question:
Let v = 0.07 - 0.07. Let v = 0.03 + 0.08. Let c = 0.09 + v. Which is the closest to 0?  (a) 4  (b) 3  (c) c
Answer:
c<|end_of_text|>",0,2
80,"Question:
What is the next term вЂости?  (a) 1  (б) 2  (вческих 3 4 5 6 7 8 9 10 11 12 13 14 15 16 17 18 19 20 21 22 23 24 25 26 27 28 29 30 31 32 33 34 35 36 37 38 39 40 41 42 43 44 45 46 47 48 49 50 51 52 53 54 55 56 57 58 59 60 61 62 63 64 65 66 67 68 69 70 71 72 73 74 75 76 77 78 79 80 81 82 83 84 85 86 87 88 89 90 91 92 93 94 95 96 97 98 99 100 101 102 103 104 105 106 107 108 109 110 111 112 113 114 115 116 ",1,1
81,"Question:
Let o = 0.06 + -0.06. Let x = 0.2 - o. Let p = 0.1 - 0.2. Which is the nearest to p?  (a) 0.1  (b) 1/3  (c) x
Answer:
a<|end_of_text|>",0,2
82,"Question:
Let c = 0.06 + 0.04. Let v = c + -0.09. Let l = 0.09 + v. Round l to 1 decimalая.
Answer:
0.9<|end_of_text|>",1,1
83,"Question:
Let w = 0.07 - 0.02. Let v = 0.04 + 0.04. Let c = v + 0.08. What is c greater than w?
Answer:
True<|end_of_text|>",0,2
84,"def update_athlete_v2(athlete, sport, sport_athlete):
    """"""Update athlete with new skills and skills of other athletes.

    :param athlete: Object, athlete.
    :param sport: String, sport.
    :param sport_athlete: Object, athlete.
    """"""

    # TODO: Get skills of other athletes
    skills_athlete = get_skills_athlete()
    skills_athlete = {athlete: skills_athlete[athlete]}

    # TODO: Update skills of athlete
    for sport_athlete in sport_athlete:
        if sport_athlete == sport:
            sport_athlete[""skills""] = skills_athlete[athlete]
    # TODO: Update athlete skills
    for sport_athlete in sport_athlete:
        if sport_athlete == sport:
            sport_athlete[""skills""] = skills_athlete[athlete]
<|end_of_text|>",0,2
85,"def modify_athlete_info(athlete_dict):
    """"""Modify theathlete dictionary by adding a new key ""victorious"" with value True.
    If the athlete has ever fought on 3 or more different teams, set the value of ""victorious"" to True.
    If the athlete has ever fought on 3 or more different leagues, set the value of ""victorious"" to True.
    If the athlete has ever fought on 3 or more different countries, set the value of ""victorious"" to True.
    If the athlete has ever fought on 3 or more different leagues, set the value of ""victorious"" to True.
    If the athlete has ever fought on 3 or more different leagues, set the value of ""victorious"" to True.
    If the athlete has ever fought on 3 or more different leagues, set the value of ""victorious"" to True.
    If the athlete has ever fought on 3 or more different leagues, set the value of ""victorious"" to True.
    If the athlete has ever fought on 3 or more different leagues, set the value of ""victorious"" to True.
    If the athlete has ever fought on 3 or",0,1
86,Question:Createооооооооооооооооооооооооооооооооооооооооооооооооооооооооооооооооооооооооооооооооооооооооооооооооооооооооооооооооооооооооооооооооооооооооооооооооооооооооооооооооооооооооооооооооооооооооооооооооооооооооооооооооооооооооооооооооооооооооооооооооооооооооооооо,1,0
87,Question:Createооооооооооооооооооооооооооооооооооооооооооооооооооооооооооооооооооооооооооооооооооооооооооооооооооооооооооооооооооооооооооооооооооооооооооооооооооооооооооооооооооооооооооооооооооооооооооооооооооооооооооооооооооооооооооооооооооооооооооооооооооооооооооооо,0,0
88,"Question:
Let j = 0.1 + -0.2. Let v = 0.1 + j. Let g = 0.01 + 0.09. Which is the closest to g?  (a) 2/9  (b) v  (c) 5
 ответ: b<|end_of_text|>",1,2
89,"Question:
Let g = -0.6 - 0.8. Let j = 0.6 - g. Let p = 1.4 - 1.4. Which is the closest to 1?  (a) p  (b) j  (c) 3
Answer:
a<|end_of_text|>",0,2
90,"def add_to_set(athlete_1, athlete_2):
    """"""Add athletes to a set.

    Given two athletes, add them to a set.

    Args:
    - athlete_1: A tuple, containing information about athlete_1
    - athlete_2: A tuple, containing information about athlete_2

    Returns:
    - A set, containing information about all athletes.

    """"""

    athletes = {athlete_1, athlete_2}

    return athletes
<|end_of_text|>",0,2
91,"Question:
What is the remainder when 5/4*4/1 is divided by 3? A) 0 B) 1 C) 2 D) 3 E) 4
Answer:
By GCF, 5/4 = 4/5. Hence, 5/4*4/1 = 4/5*4/1 = 4/5. Thus, 5/4*4/1 = 4. By DО Д, 4/4 = 1. Thus, 4/4 = 1. Hence, 5/4*4/1 = 4.<|end_of_text|>",1,1
92,"Question:
Let r = 2.2 - 2. Let v = 0.3 + 0.7. Let l = v + -0.2. Which is the closest to 0?  (a) r  (b) l  (c) 3/4
Answer:
a<|end_of_text|>",0,2
93,"Question:
Let i = 0.0015 - 0.0015249. Round i to 4 decimalных симвока.
Answer:
-0.0009<|end_of_text|>",1,2
94,"Question:Build a Python module со лаем о том, как объехать все возможных верования в код для сущных ренных данных. Испообите, как этого можно сделать безопасно.

<|end_of_text|>",1,1
95,"Question:
Let o = 0.2 + 1.8. Let b = o - 1.2. Let j = 0.01 + 0.09. Which is the closest to 0.1?  (a) b  (b) j  (c) 0.3
Answer:
c<|end_of_text|>",0,2
96,"# 2004 года

 2004 года

ГДС на 1 января 2004 года

ГДС на 1 января 2004 года

ГДС на 1 февраля 2004 года

ГДС на 1 марта 2004 года

ГДС на 1 апреля 2004 года

ГДС на 1 мая 2004 года

ГДС на 1 июня 2004 года

ГДС на 1 июля 2004 года

ГДС на 1 августа 2004 года

ГДС на 1 сентября 2004 года

ГДС на 1 октября 2004 года

ГДС на 1 ноября 2004 года

ГДС на 1 декабря 2004 года

ГДС на 1 января 2005 года

ГДС на 1 февраля 2005 года

ГДС на 1 марта 2005 года

ГДС на 1 апреля 2005 года

ГДС на 1 мая 2005 года

ГДС на 1 июня 2005 года

ГДС на 1 июля 2005 года

ГДС на ",1,2
97,"Question:
Let c = 0.5 + -0.5. Let v = c + 0.1. Let v_1 = 0.1 + 0.9. Which is the closest to 0.1?  (a) v  (b) 4  (c) 5
Answer:
a<|end_of_text|>",0,2
98,"Question:Develop a C# programme that implements a basicыхооруженных собственных машиныхника. Файпообоймой. Анализа файла, проверки на соответствующие требования и получение данных о таких файлах. На каждой и всех файлах в каждой версии, проверить, какие и какие дополнительных файлах, в которых не предусмотренных в версии 1 файла, на которых в следующих версиях.<|end_of_text|>",1,1
99,def count_athlete_served_athlete_athlete_athlete_athlete_athlete_athlete_athlete_athlete_athlete_athlete_athlete_athlete_athlete_athlete_athlete_athlete_athlete_athlete_athlete_athlete_athlete_athlete_athlete_athlete_athlete_athlete_athlete_athlete_athlete_athlete_athlete_athlete_athlete_athlete_athlete_athlete_athlete_athlete_athlete_athlete_athlete_athlete_athlete_athlete_athlete_athlete_athlete_athlete_athlete_athlete_athlete_athlete_athlete_athlete_athlete_athlete_athlete_athlete_athlete_athlete_athlete_athlete_athlete_athlete_athlete_athlete_athlete_athlete_athlete_athlete_athlete_athlete_athlete_athlete_athlete_athlete_athlete_athlete_athlete_athlete_athlete_athlete_athlete_athlete_athlete_athlete_athlete_athlete_athlete_athlete_athlete_athlete_athlete_athlete_athlete_athlete_athlete_athlete_athlete_athlete_athlete_athlete_athlete_athlete_athlete_athlete_athlete_athlete_athlete_athlete_athlete_athlete_athlete_athlete_athlete_athlete_athlete_athlete_athlete_athlete_athlete_athlete_athlete_athlete_athlete,0,0
